1,Burning Wood,Montreal,Quebec,H1A2V4,56241,Canada
2,Derek,Laval,Quebec,H1A5S6,69,Canada
3,Debs,Laval,Quebec,H1A5C7,6673,Canada
4,Troy,Montreal,Quebec,H1A4B5,4761,Canada
5,Maple,Westmount,Quebec,H1B1M6,1,Canada
6,Cardinal,Montreal,Quebec,H1A2S7,483,Canada
7,Pond,Westmount,Quebec,H1B3Z6,241,Canada
8,Monica,Laval,Quebec,H1A3Y2,9686,Canada
9,Carberry,Montreal,Quebec,H1A1E3,5339,Canada
10,Golf,Montreal,Quebec,H1B3S7,9883,Canada
11,Tennyson,Westmount,Quebec,H1A5C9,22,Canada
12,Buena Vista,Laval,Quebec,H1B4W3,33,Canada
13,Schiller,Westmount,Quebec,H1B1M6,0,Canada
14,Anthes,Laval,Quebec,H1A3Z8,25449,Canada
15,Dapin,Westmount,Quebec,H1B1G4,0763,Canada
16,Fairfield,Laval,Quebec,H1B3Z1,29360,Canada
17,Lunder,Laval,Quebec,H1A3K4,3939,Canada
18,Westport,Montreal,Quebec,H1A5V1,51,Canada
19,Doe Crossing,Westmount,Quebec,H1A1C4,996,Canada
20,Novick,Westmount,Quebec,H1A1E6,15660,Canada
21,Dunning,Westmount,Quebec,H1B1E1,537,Canada
22,Valley Edge,Montreal,Quebec,H1A5B9,08,Canada
23,Shoshone,Montreal,Quebec,H1A5G7,1371,Canada
24,Porter,Westmount,Quebec,H1A2V8,1995,Canada
25,Lunder,Laval,Quebec,H1B2X8,9894,Canada
26,Mcbride,Westmount,Quebec,H1B3X3,7080,Canada
27,Roxbury,Laval,Quebec,H1B1C9,27818,Canada
28,Mallard,Laval,Quebec,H1B4V6,93,Canada
29,Lien,Westmount,Quebec,H1A5K9,551,Canada
30,Merchant,Laval,Quebec,H1B3P5,8284,Canada
31,Continental,Laval,Quebec,H1A4Z7,39068,Canada
32,Doe Crossing,Laval,Quebec,H1B3P5,54065,Canada
33,Warrior,Westmount,Quebec,H1B4V6,15663,Canada
34,School,Laval,Quebec,H1B4S7,14,Canada
35,Merrick,Westmount,Quebec,H1B3H2,0855,Canada
36,Lillian,Montreal,Quebec,H1A3Y3,76,Canada
37,Pierstorff,Westmount,Quebec,H1A1G6,8,Canada
38,Maywood,Westmount,Quebec,H1B3X3,2,Canada
39,Golf,Westmount,Quebec,H1B3L5,8710,Canada
40,Vera,Westmount,Quebec,H1B5A3,4,Canada
41,Towne,Westmount,Quebec,H1A5S2,83476,Canada
42,Jay,Westmount,Quebec,H1A3N4,614,Canada
43,Carey,Westmount,Quebec,H1A1E6,39,Canada
44,Meadow Valley,Laval,Quebec,H1A2R6,81956,Canada
45,Almo,Montreal,Quebec,H1B3S7,91810,Canada
46,Lerdahl,Montreal,Quebec,H1B3H2,5,Canada
47,Oneill,Montreal,Quebec,H1A5N4,2,Canada
48,Evergreen,Laval,Quebec,H1A5M1,0,Canada
49,Ludington,Laval,Quebec,H1B4S7,604,Canada
50,Crest Line,Laval,Quebec,H1B4W9,1,Canada
51,Sunnyside,Laval,Quebec,H1A5N4,6,Canada
52,Kim,Westmount,Quebec,H1B1S3,04478,Canada
53,Butterfield,Westmount,Quebec,H1A5B1,7233,Canada
54,Jenna,Montreal,Quebec,H1A5K1,7078,Canada
55,Merry,Montreal,Quebec,H1A1A9,687,Canada
56,Pepper Wood,Laval,Quebec,H1A4E1,5368,Canada
57,Jana,Laval,Quebec,H1A4N9,78977,Canada
58,Columbus,Montreal,Quebec,H1A3P1,49399,Canada
59,Waubesa,Westmount,Quebec,H1A4K1,873,Canada
60,Ohio,Westmount,Quebec,H1A3J6,0193,Canada
61,North,Laval,Quebec,H1B4W3,34,Canada
62,Pleasure,Laval,Quebec,H1A2W7,781,Canada
63,Comanche,Montreal,Quebec,H1A3H2,19,Canada
64,American Ash,Laval,Quebec,H1B2N2,36537,Canada
65,Melody,Laval,Quebec,H1A3Y2,90,Canada
66,Raven,Laval,Quebec,H1B3B4,639,Canada
67,Waxwing,Westmount,Quebec,H1A5L9,6,Canada
68,Merchant,Westmount,Quebec,H1A3E3,5271,Canada
69,Towne,Westmount,Quebec,H1A1T7,9976,Canada
70,Anzinger,Westmount,Quebec,H1B5A3,95969,Canada
71,Forest Dale,Montreal,Quebec,H1A3P6,032,Canada
72,Gateway,Montreal,Quebec,H1A3E3,842,Canada
73,Memorial,Laval,Quebec,H1B3B5,99,Canada
74,Spohn,Westmount,Quebec,H1B1E1,134,Canada
75,Anderson,Laval,Quebec,H1B1M9,53,Canada
76,Mayer,Montreal,Quebec,H1A5C7,75306,Canada
77,Wayridge,Westmount,Quebec,H1B3Z1,1,Canada
78,Portage,Montreal,Quebec,H1B3B6,0774,Canada
79,Maryland,Montreal,Quebec,H1A4V3,2469,Canada
80,Fair Oaks,Laval,Quebec,H1A1P2,73809,Canada
81,Kensington,Laval,Quebec,H1A1H3,00189,Canada
82,Pine View,Westmount,Quebec,H1A5C2,77064,Canada
83,Transport,Laval,Quebec,H1B4W3,02,Canada
84,Dwight,Laval,Quebec,H1A4V3,4398,Canada
85,Northridge,Westmount,Quebec,H1A5N8,5614,Canada
86,Reindahl,Laval,Quebec,H1B3T7,1556,Canada
87,Norway Maple,Westmount,Quebec,H1A5A4,039,Canada
88,Fair Oaks,Westmount,Quebec,H1B3Z6,50,Canada
89,Hazelcrest,Laval,Quebec,H1A1X5,8,Canada
90,Continental,Montreal,Quebec,H1A3Z8,55617,Canada
91,Lakewood Gardens,Laval,Quebec,H1A4W1,355,Canada
92,Warrior,Laval,Quebec,H1A3E3,9144,Canada
93,Cherokee,Westmount,Quebec,H1A5S6,9725,Canada
94,Memorial,Laval,Quebec,H1A3C8,435,Canada
95,Ridgeway,Westmount,Quebec,H1A5J5,131,Canada
96,Carioca,Montreal,Quebec,H1B2B6,4,Canada
97,Oneill,Montreal,Quebec,H1A3E1,322,Canada
98,La Follette,Westmount,Quebec,H1A5N3,8,Canada
99,Tennessee,Westmount,Quebec,H1A1E3,3,Canada
100,Mayer,Laval,Quebec,H1B2N3,326,Canada
101,Mccormick,Westmount,Quebec,H1B3Z1,8,Canada
102,Kropf,Laval,Quebec,H1B2M7,1,Canada
103,Steensland,Montreal,Quebec,H1A1X5,280,Canada
104,Cody,Montreal,Quebec,H1A4L6,5809,Canada
105,Petterle,Laval,Quebec,H1A4M6,0415,Canada
106,Debs,Westmount,Quebec,H1B3Z8,09995,Canada
107,Troy,Laval,Quebec,H1A5C9,07,Canada
108,Lake View,Laval,Quebec,H1A5N8,26,Canada
109,Pleasure,Westmount,Quebec,H1A5K9,67,Canada
110,Moose,Westmount,Quebec,H1A5L9,09,Canada
111,Manitowish,Montreal,Quebec,H1A5P1,4855,Canada
112,Sycamore,Westmount,Quebec,H1A1E6,9,Canada
113,5th,Westmount,Quebec,H1A5N4,0,Canada
114,Carberry,Laval,Quebec,H1B4B4,71935,Canada
115,Muir,Westmount,Quebec,H1B3C2,130,Canada
116,Sauthoff,Montreal,Quebec,H1A2R3,100,Canada
117,Bayside,Montreal,Quebec,H1B4J8,8064,Canada
118,Melrose,Laval,Quebec,H1B4M1,65545,Canada
119,Northport,Montreal,Quebec,H1A3J6,47901,Canada
120,Victoria,Westmount,Quebec,H1A3C8,346,Canada
121,Rigney,Westmount,Quebec,H1A4K2,825,Canada
122,Burning Wood,Montreal,Quebec,H1A1H3,03,Canada
123,Di Loreto,Montreal,Quebec,H1A5R7,45334,Canada
124,Springview,Westmount,Quebec,H1A5P4,76,Canada
125,Portage,Montreal,Quebec,H1B4W9,6,Canada
126,Sunnyside,Laval,Quebec,H1B3B5,4,Canada
127,Crescent Oaks,Laval,Quebec,H1A5K3,84,Canada
128,Scoville,Westmount,Quebec,H1A1P9,02410,Canada
129,Hazelcrest,Laval,Quebec,H1A5C8,5328,Canada
130,Daystar,Westmount,Quebec,H1A2R8,25,Canada
131,Mccormick,Laval,Quebec,H1A2C1,7887,Canada
132,Melody,Westmount,Quebec,H1A5L9,374,Canada
133,Thompson,Westmount,Quebec,H1A2X1,0023,Canada
134,Sage,Westmount,Quebec,H1B4J8,39,Canada
135,Del Mar,Laval,Quebec,H1A5G7,81417,Canada
136,Huxley,Westmount,Quebec,H1A4M2,7,Canada
137,Calypso,Westmount,Quebec,H1B1B1,65,Canada
138,Granby,Westmount,Quebec,H1A2P8,6,Canada
139,Mcguire,Montreal,Quebec,H1A4S2,058,Canada
140,Muir,Laval,Quebec,H1A4M3,1544,Canada
141,Iowa,Montreal,Quebec,H1A5N8,01728,Canada
142,Clemons,Laval,Quebec,H1B5A1,9,Canada
143,Northfield,Montreal,Quebec,H1A3P5,395,Canada
144,Monument,Westmount,Quebec,H1A5V1,63796,Canada
145,Twin Pines,Montreal,Quebec,H1A4L1,4629,Canada
146,Buell,Laval,Quebec,H1B4P1,84,Canada
147,Katie,Westmount,Quebec,H1A5K1,10,Canada
148,Thierer,Montreal,Quebec,H1A4W1,83097,Canada
149,Lakewood Gardens,Westmount,Quebec,H1B2M7,60,Canada
150,Sheridan,Westmount,Quebec,H1A5G3,856,Canada
151,Buhler,Laval,Quebec,H1A3C8,31,Canada
152,Melby,Laval,Quebec,H1B3P5,973,Canada
153,Armistice,Westmount,Quebec,H1A4S9,777,Canada
154,Shasta,Montreal,Quebec,H1A5S6,308,Canada
155,Kenwood,Montreal,Quebec,H1A5A4,935,Canada
156,Spaight,Westmount,Quebec,H1A2W7,941,Canada
157,Birchwood,Westmount,Quebec,H1A5T9,943,Canada
158,Evergreen,Laval,Quebec,H1B1E1,73791,Canada
159,Sunfield,Laval,Quebec,H1A5A4,8131,Canada
160,Thompson,Westmount,Quebec,H1A4G9,7569,Canada
161,Moose,Montreal,Quebec,H1B3M9,8785,Canada
162,Lotheville,Laval,Quebec,H1B3X5,5,Canada
163,Blackbird,Westmount,Quebec,H1A3Y2,210,Canada
164,Loeprich,Laval,Quebec,H1A5C2,79493,Canada
165,Ronald Regan,Westmount,Quebec,H1B3X5,0,Canada
166,Myrtle,Westmount,Quebec,H1B3B6,7,Canada
167,Pawling,Montreal,Quebec,H1A3Z8,7501,Canada
168,Melody,Westmount,Quebec,H1B2N2,8,Canada
169,Waywood,Laval,Quebec,H1A3Z8,9954,Canada
170,Forest,Laval,Quebec,H1A3E3,5071,Canada
171,Hovde,Montreal,Quebec,H1A5C7,794,Canada
172,Sunbrook,Montreal,Quebec,H1A4S1,91,Canada
173,Heath,Laval,Quebec,H1A4S9,50180,Canada
174,Granby,Montreal,Quebec,H1B4W3,34523,Canada
175,Roth,Laval,Quebec,H1A3P6,80,Canada
176,Moose,Westmount,Quebec,H1A5C9,0,Canada
177,Clyde Gallagher,Montreal,Quebec,H1A5T9,04,Canada
178,Pankratz,Westmount,Quebec,H1B4P1,0765,Canada
179,Debs,Montreal,Quebec,H1A0A2,2,Canada
180,Jackson,Westmount,Quebec,H1B3X5,44,Canada
181,Russell,Montreal,Quebec,H1B2W4,7,Canada
182,Arkansas,Westmount,Quebec,H1A2B1,0,Canada
183,Orin,Montreal,Quebec,H1A2L7,22646,Canada
184,Onsgard,Westmount,Quebec,H1A5A5,4679,Canada
185,Hazelcrest,Montreal,Quebec,H1A5V1,29424,Canada
186,8th,Montreal,Quebec,H1A5P1,513,Canada
187,Village Green,Laval,Quebec,H1B4S7,7,Canada
188,Elka,Westmount,Quebec,H1B3T7,157,Canada
189,Mcbride,Montreal,Quebec,H1A5E2,29,Canada
190,Graceland,Laval,Quebec,H1A3G1,335,Canada
191,Jenifer,Westmount,Quebec,H1A3W9,368,Canada
192,Fieldstone,Montreal,Quebec,H1B4T2,741,Canada
193,Loomis,Westmount,Quebec,H1A2S7,3454,Canada
194,Kennedy,Laval,Quebec,H1A3E6,724,Canada
195,Saint Paul,Laval,Quebec,H1A4Z8,3,Canada
196,Helena,Westmount,Quebec,H1B3P5,1,Canada
197,Dryden,Montreal,Quebec,H1A4L1,6,Canada
198,Carioca,Montreal,Quebec,H1A5S6,6,Canada
199,Oriole,Montreal,Quebec,H1A5C2,8,Canada
200,Huxley,Laval,Quebec,H1A5C9,1914,Canada
201,Morningstar,Laval,Quebec,H1A4M6,1,Canada
202,Mockingbird,Westmount,Quebec,H1A2R3,138,Canada
203,Meadow Valley,Montreal,Quebec,H1B5A3,297,Canada
204,Menomonie,Westmount,Quebec,H1A5G2,681,Canada
205,Dwight,Montreal,Quebec,H1A5C7,6002,Canada
206,Annamark,Montreal,Quebec,H1B3Z6,096,Canada
207,Hovde,Westmount,Quebec,H1B3M7,440,Canada
208,Del Mar,Laval,Quebec,H1A5T9,58,Canada
209,Stephen,Laval,Quebec,H1A1E7,62139,Canada
210,Charing Cross,Westmount,Quebec,H1A4B5,5,Canada
211,Paget,Laval,Quebec,H1B2M7,58,Canada
212,Derek,Laval,Quebec,H1B1V2,56172,Canada
213,Montana,Laval,Quebec,H1B3L5,12100,Canada
214,Trailsway,Laval,Quebec,H1A5M8,668,Canada
215,Rigney,Montreal,Quebec,H1A1A9,7356,Canada
216,Kinsman,Laval,Quebec,H1A2S7,594,Canada
217,Emmet,Westmount,Quebec,H1A5V1,15716,Canada
218,Bunker Hill,Westmount,Quebec,H1A5R7,4410,Canada
219,Walton,Montreal,Quebec,H1A4K2,6043,Canada
220,Londonderry,Montreal,Quebec,H1A2Y1,04,Canada
221,East,Laval,Quebec,H1B1X2,1,Canada
222,Nevada,Laval,Quebec,H1A4N8,3977,Canada
223,Iowa,Westmount,Quebec,H1A1P2,60485,Canada
224,Swallow,Montreal,Quebec,H1A4N8,3148,Canada
225,Raven,Montreal,Quebec,H1A1E6,9921,Canada
226,Shelley,Montreal,Quebec,H1A5L9,3,Canada
227,Cascade,Montreal,Quebec,H1A2S7,89369,Canada
228,Hoard,Westmount,Quebec,H1A3Y3,80827,Canada
229,Green,Westmount,Quebec,H1A5S6,27997,Canada
230,Rutledge,Westmount,Quebec,H1B3H2,92106,Canada
231,Luster,Laval,Quebec,H1B1V2,419,Canada
232,Di Loreto,Montreal,Quebec,H1B1E1,85141,Canada
233,Emmet,Laval,Quebec,H1B4S1,3,Canada
234,Summer Ridge,Laval,Quebec,H1B1G4,1939,Canada
235,Warner,Westmount,Quebec,H1A5T9,68,Canada
236,Redwing,Laval,Quebec,H1B4M3,219,Canada
237,Warner,Westmount,Quebec,H1B3C6,17419,Canada
238,Jackson,Laval,Quebec,H1B2X8,3,Canada
239,Fairfield,Laval,Quebec,H1B3L5,56,Canada
240,Colorado,Westmount,Quebec,H1A2V8,71,Canada
241,Helena,Montreal,Quebec,H1A4J5,9858,Canada
242,Pond,Montreal,Quebec,H1A1P2,727,Canada
243,Kenwood,Laval,Quebec,H1A3G6,66,Canada
244,Corben,Westmount,Quebec,H1A5B7,53767,Canada
245,Coolidge,Montreal,Quebec,H1B3P5,03,Canada
246,Ridgeway,Montreal,Quebec,H1A5K9,67587,Canada
247,Dovetail,Westmount,Quebec,H1B4X2,51,Canada
248,Hanson,Westmount,Quebec,H1A2V4,5571,Canada
249,Hudson,Laval,Quebec,H1B4M1,8,Canada
250,Anthes,Montreal,Quebec,H1A2R9,15,Canada
251,Surrey,Montreal,Quebec,H1A4C9,0,Canada
252,Northland,Laval,Quebec,H1B3H2,46611,Canada
253,Lotheville,Laval,Quebec,H1B3C6,192,Canada
254,Goodland,Laval,Quebec,H1A2C1,60894,Canada
255,Monterey,Laval,Quebec,H1A5A4,2,Canada
256,Stone Corner,Laval,Quebec,H1B3P5,6,Canada
257,Springs,Montreal,Quebec,H1B3C6,6,Canada
258,Pleasure,Laval,Quebec,H1A2J9,68,Canada
259,Golf View,Westmount,Quebec,H1B1X2,28,Canada
260,Thierer,Westmount,Quebec,H1A4S9,36255,Canada
261,Sloan,Laval,Quebec,H1B3T7,18,Canada
262,Manley,Westmount,Quebec,H1A1M5,47934,Canada
263,Arkansas,Laval,Quebec,H1B4P1,37,Canada
264,Londonderry,Montreal,Quebec,H1A3Z4,33534,Canada
265,Vidon,Montreal,Quebec,H1A5N3,8,Canada
266,Schurz,Westmount,Quebec,H1A1C4,7,Canada
267,Upham,Montreal,Quebec,H1A1Y1,1,Canada
268,New Castle,Montreal,Quebec,H1B4W3,0669,Canada
269,Weeping Birch,Laval,Quebec,H1A3G6,41481,Canada
270,Sherman,Westmount,Quebec,H1A4L8,6574,Canada
271,Nancy,Laval,Quebec,H1A3Y3,61695,Canada
272,Lighthouse Bay,Laval,Quebec,H1A5A2,27127,Canada
273,Pawling,Montreal,Quebec,H1B3C6,8263,Canada
274,Birchwood,Laval,Quebec,H1A3P5,51985,Canada
275,Granby,Montreal,Quebec,H1A2X1,5,Canada
276,Kropf,Montreal,Quebec,H1B2W4,7684,Canada
277,Golden Leaf,Laval,Quebec,H1A3K4,79081,Canada
278,Browning,Westmount,Quebec,H1A3J6,669,Canada
279,Mosinee,Montreal,Quebec,H1A1A9,7778,Canada
280,Summer Ridge,Montreal,Quebec,H1A3G6,81258,Canada
281,Main,Montreal,Quebec,H1B3G5,233,Canada
282,Forest Dale,Laval,Quebec,H1B4V6,96,Canada
283,Lakewood,Montreal,Quebec,H1B3B6,219,Canada
284,Transport,Laval,Quebec,H1A3G6,31,Canada
285,Kedzie,Montreal,Quebec,H1B4T2,852,Canada
286,Memorial,Montreal,Quebec,H1A4L8,60,Canada
287,Dottie,Westmount,Quebec,H1B2W4,9,Canada
288,Bowman,Laval,Quebec,H1A1L5,884,Canada
289,Sutteridge,Westmount,Quebec,H1A5C6,528,Canada
290,Bobwhite,Westmount,Quebec,H1A5C2,4,Canada
291,Glendale,Montreal,Quebec,H1A4C9,167,Canada
292,Cascade,Westmount,Quebec,H1B2R5,14330,Canada
293,Kipling,Montreal,Quebec,H1B4J8,6594,Canada
294,Manitowish,Westmount,Quebec,H1B3B4,64,Canada
295,Fieldstone,Montreal,Quebec,H1A4G4,84884,Canada
296,Transport,Montreal,Quebec,H1A5S6,0,Canada
297,Logan,Montreal,Quebec,H1A4E1,99,Canada
298,Shelley,Laval,Quebec,H1B1H1,0072,Canada
299,Daystar,Laval,Quebec,H1A4S9,5,Canada
300,Sauthoff,Montreal,Quebec,H1B3X3,5,Canada
